journalPage,publicID,file,link,day
1,20230803-_DSF0509_snijuc,20230803-_DSF0509_snijuc.jpg,https://res.cloudinary.com/dknv1ji7n/image/upload/v1703173546/Four%20Pass%20Loop/20230803-_DSF0509_snijuc.jpg,1
2,20230803-_DSF0515_dxgadv,20230803-_DSF0515_dxgadv.jpg,https://res.cloudinary.com/dknv1ji7n/image/upload/v1703173553/Four%20Pass%20Loop/20230803-_DSF0515_dxgadv.jpg,1
3,20230803-_DSF0481_nrujob,20230803-_DSF0481_nrujob.jpg,https://res.cloudinary.com/dknv1ji7n/image/upload/v1703173538/Four%20Pass%20Loop/20230803-_DSF0481_nrujob.jpg,1
4,20230803-_DSF0528_pjkxxw,20230803-_DSF0528_pjkxxw.jpg,https://res.cloudinary.com/dknv1ji7n/image/upload/v1703173561/Four%20Pass%20Loop/20230803-_DSF0528_pjkxxw.jpg,1
5,20230803-_DSF0540_b7hhaf,20230803-_DSF0540_b7hhaf.jpg,https://res.cloudinary.com/dknv1ji7n/image/upload/v1703173560/Four%20Pass%20Loop/20230803-_DSF0540_b7hhaf.jpg,1
6,20230803-_DSF0557_gdtvvd,20230803-_DSF0557_gdtvvd.jpg,https://res.cloudinary.com/dknv1ji7n/image/upload/v1703174819/Four%20Pass%20Loop/20230803-_DSF0557_gdtvvd.jpg,1
7,20230803-_DSF0649_ubp9gd,20230803-_DSF0649_ubp9gd.jpg,https://res.cloudinary.com/dknv1ji7n/image/upload/v1703173610/Four%20Pass%20Loop/20230803-_DSF0649_ubp9gd.jpg,1
8,20230803-_DSF0623_javczu,20230803-_DSF0623_javczu.jpg,https://res.cloudinary.com/dknv1ji7n/image/upload/v1703173590/Four%20Pass%20Loop/20230803-_DSF0623_javczu.jpg,1
9,20230803-_DSF0690_mdk567,20230803-_DSF0690_mdk567.jpg,https://res.cloudinary.com/dknv1ji7n/image/upload/v1703173993/Four%20Pass%20Loop/20230803-_DSF0690_mdk567.jpg,1
10,20230803-_DSF0757_kibeej,20230803-_DSF0757_kibeej.jpg,https://res.cloudinary.com/dknv1ji7n/image/upload/v1703174012/Four%20Pass%20Loop/20230803-_DSF0757_kibeej.jpg,1
11,20230803-_DSF0780_r5sxaa,20230803-_DSF0780_r5sxaa.jpg,https://res.cloudinary.com/dknv1ji7n/image/upload/v1703174011/Four%20Pass%20Loop/20230803-_DSF0780_r5sxaa.jpg,1
12,20230803-_DSF0812_jpnukf,20230803-_DSF0812_jpnukf.jpg,https://res.cloudinary.com/dknv1ji7n/image/upload/v1703174037/Four%20Pass%20Loop/20230803-_DSF0812_jpnukf.jpg,1
13,20230804-_DSF0853_iql13o,20230804-_DSF0853_iql13o.jpg,https://res.cloudinary.com/dknv1ji7n/image/upload/v1703174041/Four%20Pass%20Loop/20230804-_DSF0853_iql13o.jpg,1
14,20230803-_DSF0800_neresa,20230803-_DSF0800_neresa.jpg,https://res.cloudinary.com/dknv1ji7n/image/upload/v1703174028/Four%20Pass%20Loop/20230803-_DSF0800_neresa.jpg,1
15,20230803-_DSF0842_arfi34,20230803-_DSF0842_arfi34.jpg,https://res.cloudinary.com/dknv1ji7n/image/upload/v1703174038/Four%20Pass%20Loop/20230803-_DSF0842_arfi34.jpg,1
16,20230804-_DSF0845_wungyb,20230804-_DSF0845_wungyb.jpg,https://res.cloudinary.com/dknv1ji7n/image/upload/v1703174039/Four%20Pass%20Loop/20230804-_DSF0845_wungyb.jpg,1
17,20230804-_DSF0869_fxt0m4,20230804-_DSF0869_fxt0m4.jpg,https://res.cloudinary.com/dknv1ji7n/image/upload/v1703174043/Four%20Pass%20Loop/20230804-_DSF0869_fxt0m4.jpg,2
18,20230804-_DSF0885_yqmme3,20230804-_DSF0885_yqmme3.jpg,https://res.cloudinary.com/dknv1ji7n/image/upload/v1703174049/Four%20Pass%20Loop/20230804-_DSF0885_yqmme3.jpg,2
19,20230804-_DSF0896_d1ez7f,20230804-_DSF0896_d1ez7f.jpg,https://res.cloudinary.com/dknv1ji7n/image/upload/v1703174055/Four%20Pass%20Loop/20230804-_DSF0896_d1ez7f.jpg,2
20,20230804-_DSF0908_ugf4th,20230804-_DSF0908_ugf4th.jpg,https://res.cloudinary.com/dknv1ji7n/image/upload/v1703174064/Four%20Pass%20Loop/20230804-_DSF0908_ugf4th.jpg,2
21,20230804-_DSF0965_ickuk5,20230804-_DSF0965_ickuk5.jpg,https://res.cloudinary.com/dknv1ji7n/image/upload/v1703174080/Four%20Pass%20Loop/20230804-_DSF0965_ickuk5.jpg,2
22,20230804-_DSF0950_z6z86d,20230804-_DSF0950_z6z86d.jpg,https://res.cloudinary.com/dknv1ji7n/image/upload/v1703174074/Four%20Pass%20Loop/20230804-_DSF0950_z6z86d.jpg,2
23,20230804-_DSF0983_ks9ebz,20230804-_DSF0983_ks9ebz.jpg,https://res.cloudinary.com/dknv1ji7n/image/upload/v1703174808/Four%20Pass%20Loop/20230804-_DSF0983_ks9ebz.jpg,2
24,20230804-_DSF0981_mdk7pm,20230804-_DSF0981_mdk7pm.jpg,https://res.cloudinary.com/dknv1ji7n/image/upload/v1703174087/Four%20Pass%20Loop/20230804-_DSF0981_mdk7pm.jpg,2
25,20230804-_DSF1034_cygdgv,20230804-_DSF1034_cygdgv.jpg,https://res.cloudinary.com/dknv1ji7n/image/upload/v1703174117/Four%20Pass%20Loop/20230804-_DSF1034_cygdgv.jpg,2
26,20230804-_DSF1001_cwjerr,20230804-_DSF1001_cwjerr.jpg,https://res.cloudinary.com/dknv1ji7n/image/upload/v1703174100/Four%20Pass%20Loop/20230804-_DSF1001_cwjerr.jpg,2
27,20230804-_DSF1046_cffm2b,20230804-_DSF1046_cffm2b.jpg,https://res.cloudinary.com/dknv1ji7n/image/upload/v1703174125/Four%20Pass%20Loop/20230804-_DSF1046_cffm2b.jpg,2
28,20230804-_DSF1069_uu3fiy,20230804-_DSF1069_uu3fiy.jpg,https://res.cloudinary.com/dknv1ji7n/image/upload/v1703174793/Four%20Pass%20Loop/20230804-_DSF1069_uu3fiy.jpg,2
29,20230804-_DSF1094_znzmb9,20230804-_DSF1094_znzmb9.jpg,https://res.cloudinary.com/dknv1ji7n/image/upload/v1703174148/Four%20Pass%20Loop/20230804-_DSF1094_znzmb9.jpg,2
30,20230804-_DSF1112_z9u1ic,20230804-_DSF1112_z9u1ic.jpg,https://res.cloudinary.com/dknv1ji7n/image/upload/v1703174153/Four%20Pass%20Loop/20230804-_DSF1112_z9u1ic.jpg,2
31,20230804-_DSF1139_ccytjd,20230804-_DSF1139_ccytjd.jpg,https://res.cloudinary.com/dknv1ji7n/image/upload/v1703174175/Four%20Pass%20Loop/20230804-_DSF1139_ccytjd.jpg,2
32,20230804-_DSF1180_swsqgf,20230804-_DSF1180_swsqgf.jpg,https://res.cloudinary.com/dknv1ji7n/image/upload/v1703174201/Four%20Pass%20Loop/20230804-_DSF1180_swsqgf.jpg,2
33,20230804-_DSF1198_l87plv,20230804-_DSF1198_l87plv.jpg,https://res.cloudinary.com/dknv1ji7n/image/upload/v1703174205/Four%20Pass%20Loop/20230804-_DSF1198_l87plv.jpg,2
34,20230804-_DSF1226_lonm0j,20230804-_DSF1226_lonm0j.jpg,https://res.cloudinary.com/dknv1ji7n/image/upload/v1703174218/Four%20Pass%20Loop/20230804-_DSF1226_lonm0j.jpg,2
35,20230804-_DSF1238_f822sq,20230804-_DSF1238_f822sq.jpg,https://res.cloudinary.com/dknv1ji7n/image/upload/v1703174228/Four%20Pass%20Loop/20230804-_DSF1238_f822sq.jpg,2
36,20230804-_DSF1259_ekrdyj,20230804-_DSF1259_ekrdyj.jpg,https://res.cloudinary.com/dknv1ji7n/image/upload/v1703174229/Four%20Pass%20Loop/20230804-_DSF1259_ekrdyj.jpg,2
37,20230804-_DSF1262_xp2duw,20230804-_DSF1262_xp2duw.jpg,https://res.cloudinary.com/dknv1ji7n/image/upload/v1703174229/Four%20Pass%20Loop/20230804-_DSF1262_xp2duw.jpg,2
38,20230804-_DSF1272_wegamd,20230804-_DSF1272_wegamd.jpg,https://res.cloudinary.com/dknv1ji7n/image/upload/v1703174239/Four%20Pass%20Loop/20230804-_DSF1272_wegamd.jpg,2
39,20230804-_DSF1311_nfzjip,20230804-_DSF1311_nfzjip.jpg,https://res.cloudinary.com/dknv1ji7n/image/upload/v1703174253/Four%20Pass%20Loop/20230804-_DSF1311_nfzjip.jpg,2
40,20230804-_DSF1290_xsyetq,20230804-_DSF1290_xsyetq.jpg,https://res.cloudinary.com/dknv1ji7n/image/upload/v1703174238/Four%20Pass%20Loop/20230804-_DSF1290_xsyetq.jpg,2
41,20230804-_DSF1390_aarufz,20230804-_DSF1390_aarufz.jpg,https://res.cloudinary.com/dknv1ji7n/image/upload/v1703174293/Four%20Pass%20Loop/20230804-_DSF1390_aarufz.jpg,2
42,20230804-_DSF1403_nv7rd8,20230804-_DSF1403_nv7rd8.jpg,https://res.cloudinary.com/dknv1ji7n/image/upload/v1703174297/Four%20Pass%20Loop/20230804-_DSF1403_nv7rd8.jpg,2
43,20230804-_DSF1448_wuexvd,20230804-_DSF1448_wuexvd.jpg,https://res.cloudinary.com/dknv1ji7n/image/upload/v1703174312/Four%20Pass%20Loop/20230804-_DSF1448_wuexvd.jpg,2
44,20230804-_DSF1455_fusfoh,20230804-_DSF1455_fusfoh.jpg,https://res.cloudinary.com/dknv1ji7n/image/upload/v1703174315/Four%20Pass%20Loop/20230804-_DSF1455_fusfoh.jpg,2
45,20230804-_DSF1477_n1nhc5,20230804-_DSF1477_n1nhc5.jpg,https://res.cloudinary.com/dknv1ji7n/image/upload/v1703174323/Four%20Pass%20Loop/20230804-_DSF1477_n1nhc5.jpg,2
46,20230804-_DSF1501_a90nuo,20230804-_DSF1501_a90nuo.jpg,https://res.cloudinary.com/dknv1ji7n/image/upload/v1703177876/Four%20Pass%20Loop/20230804-_DSF1501_a90nuo.jpg,2
47,20230805-_DSF1573_bggpmg,20230805-_DSF1573_bggpmg.jpg,https://res.cloudinary.com/dknv1ji7n/image/upload/v1703174801/Four%20Pass%20Loop/20230805-_DSF1573_bggpmg.jpg,2
48,20230804-_DSF1487_bcrrrz,20230804-_DSF1487_bcrrrz.jpg,https://res.cloudinary.com/dknv1ji7n/image/upload/v1703174331/Four%20Pass%20Loop/20230804-_DSF1487_bcrrrz.jpg,2
49,20230804-_DSF1536_cglyqk,20230804-_DSF1536_cglyqk.jpg,https://res.cloudinary.com/dknv1ji7n/image/upload/v1703174794/Four%20Pass%20Loop/20230804-_DSF1536_cglyqk.jpg,2
50,20230805-_DSF1579_tckkwt,20230805-_DSF1579_tckkwt.jpg,https://res.cloudinary.com/dknv1ji7n/image/upload/v1703174361/Four%20Pass%20Loop/20230805-_DSF1579_tckkwt.jpg,3
51,20230805-_DSF1703_qfkmla,20230805-_DSF1703_qfkmla.jpg,https://res.cloudinary.com/dknv1ji7n/image/upload/v1703174413/Four%20Pass%20Loop/20230805-_DSF1703_qfkmla.jpg,3
52,20230805-_DSF1717_x2ypb7,20230805-_DSF1717_x2ypb7.jpg,https://res.cloudinary.com/dknv1ji7n/image/upload/v1703174414/Four%20Pass%20Loop/20230805-_DSF1717_x2ypb7.jpg,3
53,20230805-_DSF1735_zzfkpw,20230805-_DSF1735_zzfkpw.jpg,https://res.cloudinary.com/dknv1ji7n/image/upload/v1703174424/Four%20Pass%20Loop/20230805-_DSF1735_zzfkpw.jpg,3
54,20230805-_DSF1752_i3d6dg,20230805-_DSF1752_i3d6dg.jpg,https://res.cloudinary.com/dknv1ji7n/image/upload/v1703174430/Four%20Pass%20Loop/20230805-_DSF1752_i3d6dg.jpg,3
55,20230805-_DSF1773_olgyod,20230805-_DSF1773_olgyod.jpg,https://res.cloudinary.com/dknv1ji7n/image/upload/v1703174438/Four%20Pass%20Loop/20230805-_DSF1773_olgyod.jpg,3
56,20230805-_DSF1803_iljy50,20230805-_DSF1803_iljy50.jpg,https://res.cloudinary.com/dknv1ji7n/image/upload/v1703174456/Four%20Pass%20Loop/20230805-_DSF1803_iljy50.jpg,3
57,20230805-_DSF1830_y9c5bs,20230805-_DSF1830_y9c5bs.jpg,https://res.cloudinary.com/dknv1ji7n/image/upload/v1703174464/Four%20Pass%20Loop/20230805-_DSF1830_y9c5bs.jpg,3
58,20230805-_DSF1843_vvvpav,20230805-_DSF1843_vvvpav.jpg,https://res.cloudinary.com/dknv1ji7n/image/upload/v1703174466/Four%20Pass%20Loop/20230805-_DSF1843_vvvpav.jpg,3
59,20230805-_DSF1877_udp6ns,20230805-_DSF1877_udp6ns.jpg,https://res.cloudinary.com/dknv1ji7n/image/upload/v1703174479/Four%20Pass%20Loop/20230805-_DSF1877_udp6ns.jpg,3
60,20230805-_DSF1933_iiifj8,20230805-_DSF1933_iiifj8.jpg,https://res.cloudinary.com/dknv1ji7n/image/upload/v1703174510/Four%20Pass%20Loop/20230805-_DSF1933_iiifj8.jpg,3
61,20230805-_DSF1939_zt1ayx,20230805-_DSF1939_zt1ayx.jpg,https://res.cloudinary.com/dknv1ji7n/image/upload/v1703174511/Four%20Pass%20Loop/20230805-_DSF1939_zt1ayx.jpg,3
62,20230805-_DSF1943_ycfglz,20230805-_DSF1943_ycfglz.jpg,https://res.cloudinary.com/dknv1ji7n/image/upload/v1703174514/Four%20Pass%20Loop/20230805-_DSF1943_ycfglz.jpg,3
63,20230805-_DSF1995_vwewew,20230805-_DSF1995_vwewew.jpg,https://res.cloudinary.com/dknv1ji7n/image/upload/v1703174537/Four%20Pass%20Loop/20230805-_DSF1995_vwewew.jpg,3
64,20230805-_DSF2010_idnwhd,20230805-_DSF2010_idnwhd.jpg,https://res.cloudinary.com/dknv1ji7n/image/upload/v1703174807/Four%20Pass%20Loop/20230805-_DSF2010_idnwhd.jpg,3
65,20230805-_DSF2102_v1wa5x,20230805-_DSF2102_v1wa5x.jpg,https://res.cloudinary.com/dknv1ji7n/image/upload/v1703174583/Four%20Pass%20Loop/20230805-_DSF2102_v1wa5x.jpg,3
66,20230805-_DSF2097_lwqfxu,20230805-_DSF2097_lwqfxu.jpg,https://res.cloudinary.com/dknv1ji7n/image/upload/v1703174565/Four%20Pass%20Loop/20230805-_DSF2097_lwqfxu.jpg,3
67,20230805-_DSF2083_xfxlgi,20230805-_DSF2083_xfxlgi.jpg,https://res.cloudinary.com/dknv1ji7n/image/upload/v1703174569/Four%20Pass%20Loop/20230805-_DSF2083_xfxlgi.jpg,3
68,20230805-_DSF2130_n47ihy,20230805-_DSF2130_n47ihy.jpg,https://res.cloudinary.com/dknv1ji7n/image/upload/v1703174576/Four%20Pass%20Loop/20230805-_DSF2130_n47ihy.jpg,3
69,20230805-_DSF2140_jdrs2x,20230805-_DSF2140_jdrs2x.jpg,https://res.cloudinary.com/dknv1ji7n/image/upload/v1703174574/Four%20Pass%20Loop/20230805-_DSF2140_jdrs2x.jpg,3
70,20230805-_DSF2146_ymipos,20230805-_DSF2146_ymipos.jpg,https://res.cloudinary.com/dknv1ji7n/image/upload/v1703174585/Four%20Pass%20Loop/20230805-_DSF2146_ymipos.jpg,3
71,20230805-_DSF2170_wtti2t,20230805-_DSF2170_wtti2t.jpg,https://res.cloudinary.com/dknv1ji7n/image/upload/v1703174590/Four%20Pass%20Loop/20230805-_DSF2170_wtti2t.jpg,3
72,20230805-_DSF2245_ipwag5,20230805-_DSF2245_ipwag5.jpg,https://res.cloudinary.com/dknv1ji7n/image/upload/v1703174616/Four%20Pass%20Loop/20230805-_DSF2245_ipwag5.jpg,3
73,20230805-_DSF2295_d2rlxj,20230805-_DSF2295_d2rlxj.jpg,https://res.cloudinary.com/dknv1ji7n/image/upload/v1703174633/Four%20Pass%20Loop/20230805-_DSF2295_d2rlxj.jpg,3
74,20230805-_DSF2328_s3o31g,20230805-_DSF2328_s3o31g.jpg,https://res.cloudinary.com/dknv1ji7n/image/upload/v1703174640/Four%20Pass%20Loop/20230805-_DSF2328_s3o31g.jpg,3
75,20230806-_DSF2375_nkfxiz,20230806-_DSF2375_nkfxiz.jpg,https://res.cloudinary.com/dknv1ji7n/image/upload/v1703174657/Four%20Pass%20Loop/20230806-_DSF2375_nkfxiz.jpg,4
76,20230806-_DSF2368_irnxuf,20230806-_DSF2368_irnxuf.jpg,https://res.cloudinary.com/dknv1ji7n/image/upload/v1703174649/Four%20Pass%20Loop/20230806-_DSF2368_irnxuf.jpg,4
77,20230806-_DSF2365_iuo3yb,20230806-_DSF2365_iuo3yb.jpg,https://res.cloudinary.com/dknv1ji7n/image/upload/v1703174649/Four%20Pass%20Loop/20230806-_DSF2365_iuo3yb.jpg,4
78,20230806-_DSF2386_ujpxfl,20230806-_DSF2386_ujpxfl.jpg,https://res.cloudinary.com/dknv1ji7n/image/upload/v1703174664/Four%20Pass%20Loop/20230806-_DSF2386_ujpxfl.jpg,4
79,20230806-_DSF2391_tm0y7s,20230806-_DSF2391_tm0y7s.jpg,https://res.cloudinary.com/dknv1ji7n/image/upload/v1703174667/Four%20Pass%20Loop/20230806-_DSF2391_tm0y7s.jpg,4
80,20230806-_DSF2391_tm0y7s,20230806-_DSF2391_tm0y7s.jpg,https://res.cloudinary.com/dknv1ji7n/image/upload/v1703174667/Four%20Pass%20Loop/20230806-_DSF2391_tm0y7s.jpg,4
81,20230806-_DSF2401_skd0qz,20230806-_DSF2401_skd0qz.jpg,https://res.cloudinary.com/dknv1ji7n/image/upload/v1703174667/Four%20Pass%20Loop/20230806-_DSF2401_skd0qz.jpg,4
82,20230806-_DSF2406_yik6jy,20230806-_DSF2406_yik6jy.jpg,https://res.cloudinary.com/dknv1ji7n/image/upload/v1703174671/Four%20Pass%20Loop/20230806-_DSF2406_yik6jy.jpg,4
83,20230806-_DSF2426_eaqbql,20230806-_DSF2426_eaqbql.jpg,https://res.cloudinary.com/dknv1ji7n/image/upload/v1703174680/Four%20Pass%20Loop/20230806-_DSF2426_eaqbql.jpg,4
84,20230806-_DSF2420_kfs3t2,20230806-_DSF2420_kfs3t2.jpg,https://res.cloudinary.com/dknv1ji7n/image/upload/v1703174685/Four%20Pass%20Loop/20230806-_DSF2420_kfs3t2.jpg,4
85,20230806-_DSF2439_c7zrp4,20230806-_DSF2439_c7zrp4.jpg,https://res.cloudinary.com/dknv1ji7n/image/upload/v1703174685/Four%20Pass%20Loop/20230806-_DSF2439_c7zrp4.jpg,4
86,20230806-_DSF2432_otf6fw,20230806-_DSF2432_otf6fw.jpg,https://res.cloudinary.com/dknv1ji7n/image/upload/v1703174686/Four%20Pass%20Loop/20230806-_DSF2432_otf6fw.jpg,4
87,20230806-_DSF2495_blqy5z,20230806-_DSF2495_blqy5z.jpg,https://res.cloudinary.com/dknv1ji7n/image/upload/v1703174704/Four%20Pass%20Loop/20230806-_DSF2495_blqy5z.jpg,4
88,20230806-_DSF2521_zlu7rb,20230806-_DSF2521_zlu7rb.jpg,https://res.cloudinary.com/dknv1ji7n/image/upload/v1703177880/Four%20Pass%20Loop/20230806-_DSF2521_zlu7rb.jpg,4
89,20230806-_DSF2532_y46y3v,20230806-_DSF2532_y46y3v.jpg,https://res.cloudinary.com/dknv1ji7n/image/upload/v1703177891/Four%20Pass%20Loop/20230806-_DSF2532_y46y3v.jpg,4
90,20230806-_DSF2587_ghqjbl,20230806-_DSF2587_ghqjbl.jpg,https://res.cloudinary.com/dknv1ji7n/image/upload/v1703174731/Four%20Pass%20Loop/20230806-_DSF2587_ghqjbl.jpg,4
91,20230806-_DSF2594_mvoeq7,20230806-_DSF2594_mvoeq7.jpg,https://res.cloudinary.com/dknv1ji7n/image/upload/v1703174732/Four%20Pass%20Loop/20230806-_DSF2594_mvoeq7.jpg,4
92,20230806-_DSF2606_cdg56l,20230806-_DSF2606_cdg56l.jpg,https://res.cloudinary.com/dknv1ji7n/image/upload/v1703174731/Four%20Pass%20Loop/20230806-_DSF2606_cdg56l.jpg,4
93,20230806-_DSF2636_wvqgli,20230806-_DSF2636_wvqgli.jpg,https://res.cloudinary.com/dknv1ji7n/image/upload/v1703174745/Four%20Pass%20Loop/20230806-_DSF2636_wvqgli.jpg,4
94,20230806-_DSF2683_tszq5z,20230806-_DSF2683_tszq5z.jpg,https://res.cloudinary.com/dknv1ji7n/image/upload/v1703174775/Four%20Pass%20Loop/20230806-_DSF2683_tszq5z.jpg,4
95,20230806-_DSF2701_iovz37,20230806-_DSF2701_iovz37.jpg,https://res.cloudinary.com/dknv1ji7n/image/upload/v1703174779/Four%20Pass%20Loop/20230806-_DSF2701_iovz37.jpg,4
96,20230806-_DSF2736_xesv35,20230806-_DSF2736_xesv35.jpg,https://res.cloudinary.com/dknv1ji7n/image/upload/v1703174789/Four%20Pass%20Loop/20230806-_DSF2736_xesv35.jpg,4
97,20230806-_DSF2736_xesv35,20230806-_DSF2736_xesv35.jpg,https://res.cloudinary.com/dknv1ji7n/image/upload/v1703174789/Four%20Pass%20Loop/20230806-_DSF2736_xesv35.jpg,4
98,20230806-_DSF2736_xesv35,20230806-_DSF2736_xesv35.jpg,https://res.cloudinary.com/dknv1ji7n/image/upload/v1703174789/Four%20Pass%20Loop/20230806-_DSF2736_xesv35.jpg,4
99,20230806-_DSF2736_xesv35,20230806-_DSF2736_xesv35.jpg,https://res.cloudinary.com/dknv1ji7n/image/upload/v1703174789/Four%20Pass%20Loop/20230806-_DSF2736_xesv35.jpg,4
100,20230806-_DSF2699_rpychy,20230806-_DSF2699_rpychy.jpg,https://res.cloudinary.com/dknv1ji7n/image/upload/v1703174782/Four%20Pass%20Loop/20230806-_DSF2699_rpychy.jpg,4
101,20230806-_DSF2740_w3ofxn,20230806-_DSF2740_w3ofxn.jpg,https://res.cloudinary.com/dknv1ji7n/image/upload/v1703174786/Four%20Pass%20Loop/20230806-_DSF2740_w3ofxn.jpg,4
102,20230806-_DSF2740_w3ofxn,20230806-_DSF2740_w3ofxn.jpg,https://res.cloudinary.com/dknv1ji7n/image/upload/v1703174786/Four%20Pass%20Loop/20230806-_DSF2740_w3ofxn.jpg,4
103,20230806-_DSF2740_w3ofxn,20230806-_DSF2740_w3ofxn.jpg,https://res.cloudinary.com/dknv1ji7n/image/upload/v1703174786/Four%20Pass%20Loop/20230806-_DSF2740_w3ofxn.jpg,4
104,20230806-_DSF2740_w3ofxn,20230806-_DSF2740_w3ofxn.jpg,https://res.cloudinary.com/dknv1ji7n/image/upload/v1703174786/Four%20Pass%20Loop/20230806-_DSF2740_w3ofxn.jpg,4
105,20230806-_DSF2740_w3ofxn,20230806-_DSF2740_w3ofxn.jpg,https://res.cloudinary.com/dknv1ji7n/image/upload/v1703174786/Four%20Pass%20Loop/20230806-_DSF2740_w3ofxn.jpg,4
106,20230803-_DSF0515_dxgadv,20230803-_DSF0515_dxgadv.jpg,https://res.cloudinary.com/dknv1ji7n/image/upload/v1703173553/Four%20Pass%20Loop/20230803-_DSF0515_dxgadv.jpg,4
107,20230803-_DSF0485_vvjcjh,20230803-_DSF0485_vvjcjh.jpg,https://res.cloudinary.com/dknv1ji7n/image/upload/v1703173539/Four%20Pass%20Loop/20230803-_DSF0485_vvjcjh.jpg,4
108,20230803-_DSF0492_mvodzw,20230803-_DSF0492_mvodzw.jpg,https://res.cloudinary.com/dknv1ji7n/image/upload/v1703173541/Four%20Pass%20Loop/20230803-_DSF0492_mvodzw.jpg,4
